{
  "best_model_name": "MLP",
  "input_shape_type": "flat",
  "metrics": {
    "MLP": {
      "model": "MLP",
      "accuracy": 0.7432624113475177,
      "precision": 0.5103448275862069,
      "recall": 0.7914438502673797,
      "f1": 0.6205450733752621
    },
    "CNN1D": {
      "model": "CNN1D",
      "accuracy": 0.7347517730496453,
      "precision": 0.5,
      "recall": 0.7593582887700535,
      "f1": 0.6029723991507431
    }
  }
}