{
  "best_model_name": "CNN1D",
  "input_shape_type": "cnn",
  "metrics": {
    "MLP": {
      "model": "MLP",
      "accuracy": 0.7574468085106383,
      "precision": 0.5303030303030303,
      "recall": 0.7486631016042781,
      "f1": 0.6208425720620843,
      "auc_roc": 0.8287273140214317
    },
    "CNN1D": {
      "model": "CNN1D",
      "accuracy": 0.7773049645390071,
      "precision": 0.5614754098360656,
      "recall": 0.732620320855615,
      "f1": 0.6357308584686775,
      "auc_roc": 0.8284898726075196
    }
  }
}